id,created_at,text
1372236813754978308,2021-03-18 00:00:00,b'Not sure if any other company has done this as part of going public - may be a first. Good way to have retail inves\xe2\x80\xa6 https://t.co/6XFegEPhQh'
1372233717062639616,2021-03-18 00:00:00,"b""I'm doing an AMA on Reddit with our CFO in advance of Coinbase's direct listing! We wanted everyone to have access\xe2\x80\xa6 https://t.co/rMKLAPu3Tq"""
1371505460432474119,2021-03-16 00:00:00,b'@FEhrsam ^'
1371502133372014594,2021-03-16 00:00:00,b'Fred Ehrsam wrote this great letter on crypto cycles - something every company and customer in the space should be\xe2\x80\xa6 https://t.co/IqNqbBqbFH'
1371194592813477891,2021-03-15 03:00:00,"b'RT @balajis: India will not ban crypto. Instead it will allow Indians to experiment with this new financial internet. We await specifics, b\xe2\x80\xa6'"
1371194521552314369,2021-03-15 03:00:00,"b'RT @MustafaYilham: As Bitcoin price hitting another ATH, people are still talking about Bitcoin\xe2\x80\x99s negative impact on environment. \nBixin gr\xe2\x80\xa6'"
1371194159873331207,2021-03-15 03:00:00,"b'RT @RoKhanna: #Bitcoin uses energy like cars, gold, &amp; finance. Valuable things require energy. Mining must be greener. The BTC  #LightningN\xe2\x80\xa6'"
1370929210672308226,2021-03-14 10:00:00,"b'High chance that VR/AR are the next major computing platform, will be exciting to see it develop https://t.co/iOfllIYPfe'"
1370814566351872000,2021-03-14 03:00:00,"b'RT @DanRose999: I learned about leadership &amp; scaling from Sheryl Sandberg. My direct manager for 10+ yrs, we spent countless hours together\xe2\x80\xa6'"
1370232378614976514,2021-03-12 13:00:00,b'Interesting - wonder if Delaware will follow suit https://t.co/apFaB3H4QP'
1370230602243350531,2021-03-12 13:00:00,b'Amazing company and CEO - who should apply for this role? https://t.co/vcKUD5oNZG'
1370110592485187585,2021-03-12 05:00:00,"b'RT @iampaulgrewal: Regulators around the world:  We may not always agree, but I respect what you do and am eager to find common ground.  Ho\xe2\x80\xa6'"
1370107856729505796,2021-03-12 04:00:00,b'RT @nealkhosla: The AI Index Report is jaw dropping. Looking at some of the progress...\n\nWhat does it cost to train a human level computer\xe2\x80\xa6'
1369366957666017280,2021-03-10 03:00:00,b'This is the correct link: https://t.co/5PiaSy3fo3'
1369366784403513356,2021-03-10 03:00:00,"b""Meanwhile, I'm glad we have innovation happening here with articles like this from Noah Smith."""
1369366537908465664,2021-03-10 03:00:00,"b'Hit pieces may drive clicks, but they are addictive like sugar or instagram likes, should only be used responsibly.\xe2\x80\xa6 https://t.co/5XHSGf2g97'"
1369365695117594626,2021-03-10 03:00:00,"b""Not to mention the inherent conflict, working in an industry that was disrupted by tech. We wouldn't ask Pepsi for\xe2\x80\xa6 https://t.co/Gp6KQrEuKJ"""
1369365211090739203,2021-03-10 03:00:00,b'There are so many exciting stories to tell in technology. Mainstream media serves an important function in society\xe2\x80\xa6 https://t.co/cnbzpVbEtC'
1369364325794799617,2021-03-10 03:00:00,"b""One of the best interviews with a CEO I've seen in a long time. https://t.co/3NADRGByzC\n\nAnd it is showing up on Su\xe2\x80\xa6 https://t.co/1k6JyElln0"""
1369342461336723456,2021-03-10 02:00:00,"b""RT @patrickc: Becoming the preeminent locus of agglomeration for the world's plucky up-and-comers has been one of the US's greatest achieve\xe2\x80\xa6"""
1368752274122567680,2021-03-08 11:00:00,"b'Have been using an @eightsleep mattress for a while, fewer wake ups due to temperature have meant better rest on av\xe2\x80\xa6 https://t.co/mGBd0ZNBh1'"
1366463107162202113,2021-03-02 03:00:00,b'ML seems particularly well suited to problems with a large numbers of variables in a well defined search space.'
1366462880330092545,2021-03-02 03:00:00,"b""Machine learning being used to advance the hardware that powers machine learning. It's getting smarter!\n\nHadn't hea\xe2\x80\xa6 https://t.co/8eD3Ud1yDz"""
1365028769317101569,2021-02-26 04:00:00,b'RT @CaitlinLong_: INTERESTING: the world truly has changed...no headquarters address for a fully remote company. @coinbase https://t.co/yuE\xe2\x80\xa6'
1365012807696089092,2021-02-26 03:00:00,"b'@cz_binance @coinbase Thank you @cz_binance! A class act.\n\nIncredibly impressed with your speed of execution, and h\xe2\x80\xa6 https://t.co/qAebAQVJD3'"
1364673035165306880,2021-02-25 04:00:00,b'https://t.co/K7mkySjgiT'
1364648355951833090,2021-02-25 03:00:00,b'RT @balajis: \xe2\x80\x9cIf [the Reserve Bank of India] chooses to be visionary...it should consider Bitcoin akin to a reserve and engage in buying ab\xe2\x80\xa6'
1364634606956290053,2021-02-25 02:00:00,b'Good summary https://t.co/A8MawKpAC5'
1363570821847945220,2021-02-22 03:00:00,b'Commenting vs Making https://t.co/lczzWvOUF3'
1362948862722199554,2021-02-20 10:00:00,b'RT @katie_haun: Had a blast reliving my old days as a federal prosecutor and chatting all things crypto (how I now spend my days) with @tfe\xe2\x80\xa6'
1362469420983930881,2021-02-19 02:00:00,b'Some important lessons on acquiring a company and keeping it independent vs integrating: https://t.co/Ddy3jx4lvQ'
1361903008729112579,2021-02-17 13:00:00,b'Beautiful essay from Paul Graham on the journey of exploring what to work on. https://t.co/gm88Vz85Hl'
1361759539587018752,2021-02-17 03:00:00,b'RT @coinbase: ETH2 staking rewards are coming soon to Coinbase. Learn how you may be able to put your Ethereum to work and earn up to 7.5%\xe2\x80\xa6'
1361477066240061440,2021-02-16 09:00:00,b'Will be on Clubhouse tonight chatting https://t.co/VnUQGOmGQw'
1361476352348590080,2021-02-16 09:00:00,b'Using the day off to do some writing/thinking about the future. Good way to clarify thinking is to force yourself t\xe2\x80\xa6 https://t.co/9U82wOCdTo'
1360426625620353028,2021-02-13 11:00:00,b'RT @yassineARK: 1/ Bitcoin critics continue to assert that mining is wasteful and disproportionately damaging to the environment. \n\nContrar\xe2\x80\xa6'
1360069269388599304,2021-02-12 12:00:00,b'@CJMcCollum @CoinbasePro Taking a look with @CoinbaseSupport ! Apologies for the trouble'
1359652296146055174,2021-02-11 08:00:00,b'\xf0\x9f\xa4\x94\xf0\x9f\xa4\x94 https://t.co/rOfj6rMOCb\n\xf0\x9f\xa4\x94\xf0\x9f\xa4\x94\xf0\x9f\xa4\x94 https://t.co/lF4TxmAknH'
1359652024715866115,2021-02-11 08:00:00,b'\xf0\x9f\xa4\x94 https://t.co/BuCglxNJHj'
1359575894898057218,2021-02-11 03:00:00,b'Thank you @tylercowen for having me on the podcast. Enjoyed the conversation! \n\nhttps://t.co/QmqvlMrqjU'
1359293130214789120,2021-02-10 08:00:00,"b'@sadbryce Thank you Bryce! It has been amazing to work with you. Best of luck on your next adventure, and stay in touch \xf0\x9f\x99\x8f'"
1359292552780783617,2021-02-10 08:00:00,"b'RT @skanwar: Reminder that any @Shopify store can already accept Bitcoin via integrations with @coinbase, @BitPay, etc. \n\nYou can be like T\xe2\x80\xa6'"
1359205895742185477,2021-02-10 02:00:00,b'Pre ordered Starlink.\n\nIt\xe2\x80\x99s amazing how often internet still disconnects in 2021. Redundant connections to every ho\xe2\x80\xa6 https://t.co/foWg40jWbw'
1358118038457831424,2021-02-07 02:00:00,b'RT @pmarca: https://t.co/NS67qdTI2D'
1358113572623060992,2021-02-07 02:00:00,"b""RT @mathematicsprof: In calc when teaching the 'min surface area of a can with given vol, of which soln is diameter = ht, I wrote a cat foo\xe2\x80\xa6"""
1357791790003146755,2021-02-06 05:00:00,b'RT @balajis: India should support crypto as a pillar of its foreign &amp; domestic policy.\n\nIt defends national security by preventing deplatfo\xe2\x80\xa6'
1357741725268123648,2021-02-06 01:00:00,b'RT @FEhrsam: The events of the last year have forced us to question the foundation of the modern financial system and internet.\n\nIf only th\xe2\x80\xa6'
1356382331871797249,2021-02-02 07:00:00,"b""RT @balajis: Documentary of the past week's events. https://t.co/neSXbypO6l"""
1355235832689520643,2021-01-30 03:00:00,"b""@APompliano I don't want people to misunderstand the reason behind this, we are working on scaling https://t.co/KYLMHuPydm"""
1355226553031000067,2021-01-30 03:00:00,"b'Organizations (whether companies, non-profits, governments, individuals, etc) hosting the #Bitcoin whitepaper are w\xe2\x80\xa6 https://t.co/5vpsJEB5c7'"
1355225784928112643,2021-01-30 03:00:00,b'We are now hosting the #Bitcoin whitepaper at https://t.co/ia5WJ1B3CK\n\nThis brilliant computer science breakthrough\xe2\x80\xa6 https://t.co/8Wy0BWLVZx'
1355222889381900289,2021-01-30 03:00:00,"b""It's time to build! https://t.co/8jjy39j7TU"""
1355168920441925635,2021-01-29 23:00:00,"b'Thank you @FrancisSuarez for driving crypto adoption in the great city of Miami, and being so positive, welcoming,\xe2\x80\xa6 https://t.co/8e00KWgQQj'"
1354824816579153920,2021-01-29 00:00:00,b'This is awesome to see https://t.co/HOrlzxXKNZ'
1354575899857985539,2021-01-28 08:00:00,b'RT @FrancisSuarez: The City of Miami believes in #Bitcoin and I\xe2\x80\x99m working day and night to turn Miami into a hub for crypto innovation. \n\nP\xe2\x80\xa6'
1353749607541518338,2021-01-26 01:00:00,b'Where will everyone be locating after COVID? Quick survey! https://t.co/2zAIXmLKea'
1353714651025047559,2021-01-25 23:00:00,"b'RT @balajis: Thesis: in twenty years, you won\xe2\x80\x99t know what most people look like other than people you\xe2\x80\x99ve met in person.\n\nEveryone goes to a\xe2\x80\xa6'"
1352036347612160001,2021-01-21 08:00:00,b'RT @balajis: Wow. GPT-3 nails a diagnosis that took @colinmegill 32 years and countless physician visits to figure out.\n\nThe prompt was the\xe2\x80\xa6'
1352028406259605506,2021-01-21 07:00:00,"b""@souljaboy Happy to help @coinbase - send me a DM if you'd like to chat \xf0\x9f\x99\x8f"""
1351649794704470017,2021-01-20 06:00:00,b'Excited to welcome the @BisonTrails team to Coinbase! https://t.co/rZXgPNhj40'
1351643606164111362,2021-01-20 06:00:00,b'RT @BrianBrooksOCC: Thanks to everyone who supported me and contributed ideas over the past nine months!  Here\xe2\x80\x99s where I think we are and w\xe2\x80\xa6'
1349796309562085378,2021-01-15 03:00:00,b'I also hope the next administration will hit the reset button on this and engage more thoughtfully with industry.\xe2\x80\xa6 https://t.co/K7uirXRwV0'
1348798964158451712,2021-01-12 09:00:00,b'@MMARoasted @CoinbasePro @coinbase @CoinbaseSupport Will have the team take a look - sorry for the trouble!'
1348781845031178241,2021-01-12 08:00:00,b'Would not surprise me if @paradigm was one of the top performing funds of the last few years if not #1. Not just be\xe2\x80\xa6 https://t.co/M2uy3f7itz'
1348291499184640001,2021-01-11 00:00:00,b'RT @garrytan: Hundreds of millions of people are awakening to what utility there may be in global decentralized censorship resistant techno\xe2\x80\xa6'
1347618031602524160,2021-01-09 03:00:00,"b'RT @iampaulgrewal: 1/2 Even as @USTreasury confronts 65K+ comments on its NPRM on self-hosted wallets, a federal judge in the District of C\xe2\x80\xa6'"
1347424586732736513,2021-01-08 14:00:00,"b""RT @Snowden: Here's a reason: I use it every day and I'm not dead yet. https://t.co/Trhgqbwdpj"""
1347292255351054336,2021-01-08 05:00:00,"b'RT @iampaulgrewal: Meanwhile, this happened over @USTreasury in response to its rushed NPRM on self-hosted wallets.  Can anyone actually re\xe2\x80\xa6'"
1347000134094249987,2021-01-07 10:00:00,"b""RT @cnLedger: This is what China's digital fiat currency, DCEP or e-CNY, looks like in real-world use. https://t.co/gITUG6HF2v"""
1346809447788765185,2021-01-06 21:00:00,b'RT @msantoriESQ: Kraken has published its response to the Treasury\xe2\x80\x99s midnight rule on self-custodied wallets. The response is not short. It\xe2\x80\xa6'
1346430194677112832,2021-01-05 20:00:00,b'Well said @fredwilson ! https://t.co/J6g0uykU2V'
1346356185490927616,2021-01-05 15:00:00,b'Interesting read: https://t.co/ve5SYUVAIr'
1346356085268107265,2021-01-05 15:00:00,b'https://t.co/NcgBAvOqgm'
1346355867000709121,2021-01-05 15:00:00,b'Square also opposing this regulation as ill conceived - seems to be unanimous from the industry at this point. https://t.co/vxShNNCVXP'
1346355549328257024,2021-01-05 15:00:00,"b'AML risks here are negligible vs other methods and regs here have a high probability of harming American, including\xe2\x80\xa6 https://t.co/uC3WXXJ9Bb'"
1346355199158456322,2021-01-05 15:00:00,"b""It's ill advised and didn't follow proper procedure. FinCEN should revisit in the new administration, engaging with\xe2\x80\xa6 https://t.co/9gL2Z6eaIh"""
1346354549175554048,2021-01-05 15:00:00,"b'Well said! Thank you @katie_haun and @a16z \n\nBtw, Katie is a former federal prosecutor! She would not propose chall\xe2\x80\xa6 https://t.co/qWTTnAggLe'"
1346078107179036673,2021-01-04 21:00:00,b'https://t.co/N86a87mdoB'
1346078092671004674,2021-01-04 21:00:00,"b'I forgot to mention Oculus Quest 2, M1 chip from Apple, 5G rollout, self driving, synthetic meat, improvements in b\xe2\x80\xa6 https://t.co/490aYshj4c'"
1346044585592676353,2021-01-04 19:00:00,"b'RT @thielfellowship: 10 years and 226 Fellows later, Thiel Fellowship projects and companies are worth $70 billion and 99% say they learned\xe2\x80\xa6'"
1346038446142476288,2021-01-04 18:00:00,b'RT @MohapatraHemant: ~8yrs ago (Dec\xe2\x80\x9912) I got a job @Google. Those were still early days of cloud. I joined GCP @&lt;150M ARR &amp; left @~4B (exc\xe2\x80\xa6'
1346024049227558913,2021-01-04 17:00:00,b'https://t.co/CxDrpKPNLz'
1345620568117293061,2021-01-03 15:00:00,"b""@zooko Thank you @zooko for everything you've done to advance crypto as well!"""
1345013032888512513,2021-01-01 22:00:00,b'Fascinating post https://t.co/GH5YawJEgS\n\nExplains the covid vaccines from a computer science perspective.'
1344982422513967104,2021-01-01 20:00:00,b'Well deserved! Thank you for introducing so many people to Bitcoin https://t.co/j5iAtbrEnn'
1344696276022161412,2021-01-01 01:00:00,"b'mRNA vaccines, Starlink, GPT-3, crypto, ISS docking, and so much more.\n\nProgress continues!\n\nhttps://t.co/K0wajxS58O'"
1344695863147454464,2021-01-01 01:00:00,"b""Happy new year! Excited for the rest of the decade, and a repeat of the roaring 20's.\n\nWhatever doesn't kill us mak\xe2\x80\xa6 https://t.co/WgLBkmvgXP"""
1344691932275101696,2021-01-01 01:00:00,"b'For example, MarkMonitor is used to secure some high value domains, CloudFlare is good. Even Google Domains. Etc.'"
1344691469316214786,2021-01-01 01:00:00,"b'Crypto companies should take precautions, using a secure dns and domain registrar service, to prevent attacks like\xe2\x80\xa6 https://t.co/8DuyJRZEtP'"
1344690739146588160,2021-01-01 01:00:00,"b'RT @coinbase: The @USTreasury is proposing crypto regs that will force  exchanges to collect, store and share with the gov. personal inform\xe2\x80\xa6'"
1344184341585391616,2020-12-30 16:00:00,"b'RT @SInow: Panthers OT Russell Okung will receive $6.5 million in Bitcoin in 2020, becoming the first player from any major U.S. sports lea\xe2\x80\xa6'"
1343938006353383424,2020-12-29 23:00:00,b'Everyone who owns crypto should start to be actively engaged on these issues.\n\nAn open crypto network is good for t\xe2\x80\xa6 https://t.co/zKyGRR3OjH'
1343935933230493701,2020-12-29 23:00:00,"b'A fable worth reading, lesson hiding in plain sight \n\nhttps://t.co/7WUP7dYZvH'"
1343121916991860736,2020-12-27 17:00:00,"b""RT @jchervinsky: Here's how many comments FinCEN has gotten so far about its proposal to expand AML regulation to non-custodial wallets.\n\nW\xe2\x80\xa6"""
1342245418579632129,2020-12-25 07:00:00,b'This is a cool niche industry (and blog) https://t.co/bc13syos1l'
1341512055505883136,2020-12-23 07:00:00,"b""RT @jerrybrito: 1/ Coin Center has just published our extensive comment letter on FinCEN's proposed rules on transactions with self-custodi\xe2\x80\xa6"""
1341480445599338496,2020-12-23 04:00:00,b'RT @coinbase: Coinbase is now hiring in Canada! We are hiring technical and recruiting roles immediately and will expand to more functions\xe2\x80\xa6'
1341242564238745600,2020-12-22 13:00:00,b'RT @iampaulgrewal: Last Friday afternoon the Financial Crimes Enforcement Network released a 72-page notice of proposed rulemaking.  Coinba\xe2\x80\xa6'
1341241677797752832,2020-12-22 13:00:00,b'https://t.co/rIFrd6e5B2'
1340858773200543744,2020-12-21 11:00:00,b'I can confirm - Ron Conway is a force of nature and great supporter of founders. Great way to say thank you\xe2\x80\xa6 https://t.co/LLHRYkGe7Z'
1340847572320063488,2020-12-21 11:00:00,"b'Seems like more and more companies are starting to hold crypto on balance sheet, as a hedge against inflation. We c\xe2\x80\xa6 https://t.co/a4QWvQ8TAo'"
1340554316839469056,2020-12-20 15:00:00,b'Well said \xf0\x9f\x91\x8d https://t.co/UGNySvJzDt'
1340426691433230336,2020-12-20 07:00:00,b'I was going to do a tweet storm on the proposed rule making from FinCEN and Treasury. But @jchervinsky summed it up\xe2\x80\xa6 https://t.co/Xb53haNrTx'
1339979175927541760,2020-12-19 01:00:00,b'RT @CynthiaMLummis: Been doing work on the rumored transaction reporting rule impacting digital assets (currently being contemplated by Tre\xe2\x80\xa6'
1339621821168029696,2020-12-18 01:00:00,b'Welcome Kelly Kramer and Marc Andreessen to the Coinbase board! https://t.co/TOD8RFlrab\nExcited to see what we can build together.'
1339267711768018944,2020-12-17 02:00:00,b'Awesome to get this educational content out there - and help the next 100M people learn about Bitcoin and cryptocur\xe2\x80\xa6 https://t.co/9AmWWCR4DN'
1337245893326643201,2020-12-11 12:00:00,b'RT @katie_haun: Having prosecuted illicit activity &amp; terrorist finance for decade+ couldn\xe2\x80\x99t agree more. Such regs will not meaningfully pre\xe2\x80\xa6'
1337129408121880577,2020-12-11 04:00:00,b'RT @WarrenDavidson: I\xe2\x80\x99m troubled by rumors that @StevenMnuchin1 plans to enact burdensome regulations on digital self-hosted wallets. My co\xe2\x80\xa6'
1337103363465379841,2020-12-11 03:00:00,b'RT @jerallaire: 1/2 Earlier today I sent this letter to the Senior Staff of the US Treasury Department.  This is a critical moment for the\xe2\x80\xa6'
1336826615892832256,2020-12-10 08:00:00,"b'Awesome story about the journey of DoorDash! True builders. https://t.co/0XRzo1EKED\n\n""Never underestimate a great t\xe2\x80\xa6 https://t.co/Hp1bYQGpci'"
1336038417105264641,2020-12-08 04:00:00,"b'RT @michaelxbloch: Two years ago, DoorDash was a distant third behind Seamless &amp; UberEats in the food delivery race. This week, $DASH will\xe2\x80\xa6'"
1335356983315075074,2020-12-06 07:00:00,b'RT @patrickc: \xe2\x80\x9cAs a Johns Hopkins scientist who has conducted more than 100 clinical studies and reviewed thousands more from the scientifi\xe2\x80\xa6'
1335051260811046913,2020-12-05 11:00:00,"b'RT @SwanBitcoin: ""No one\'s going to ban #Bitcoin.... We\'ve gotten to a point where adoption is too widespread, the technology is too import\xe2\x80\xa6'"
1334576131463233538,2020-12-04 03:00:00,"b'RT @CoinbaseCustody: Coinbase Custody now supports deposits and withdrawals for NuCypher ($NU), Curve ($CRV), REN ($REN), wBTC ($WBTC), tBT\xe2\x80\xa6'"
1334199615718006785,2020-12-03 02:00:00,"b'RT @elonmusk: Science is discovering the essential truths about what exists in the Universe, engineering is about creating things that neve\xe2\x80\xa6'"
1334199191090782210,2020-12-03 02:00:00,"b'RT @sama: 2020 was a great year for technological progress, and based on the little slice of things I know about, 2021 is going to be even\xe2\x80\xa6'"
1334198754413408256,2020-12-03 02:00:00,b'Good to see more people with crypto experience joining Apple \xf0\x9f\x91\x8c https://t.co/3P9qCJcO5W'
1333542676960997377,2020-12-01 07:00:00,"b'RT @petejkim: USDC stablecoin just crossed $3B market cap and over 8M transfers, just 4 months after the $1B milestone.\n\nUSDC on Ethereum (\xe2\x80\xa6'"
1333542634975969282,2020-12-01 07:00:00,b'RT @jerallaire: Good stuff from @fredwilson on crypto wallets as web browsers / open software.  Open blockchain networks  usage already spa\xe2\x80\xa6'
1333510399463833601,2020-12-01 05:00:00,b'Congrats to @DeepMind on the incredible progress. Science and technology are are some of the most important levers\xe2\x80\xa6 https://t.co/HCKFAKpjsw'
1333504298261434368,2020-12-01 04:00:00,b'Just like the internet had to go through:\n1. Scalability (dialup to broadband)\n2. Privacy (HTTP to HTTPS)\n3. Usabil\xe2\x80\xa6 https://t.co/eoK20T1O5f'
1333504247833325569,2020-12-01 04:00:00,"b""Excited that we'll be supporting ETH2! https://t.co/TjZvpHuO05\n\nScalability, privacy, and usability are going to be\xe2\x80\xa6 https://t.co/F4VttzbVCE"""
1333477545774260224,2020-12-01 02:00:00,"b'RT @CoinbasePro: Starting today, inbound transfers for NU are now available in the regions where trading is supported. Traders cannot place\xe2\x80\xa6'"
1333184734386524160,2020-11-30 07:00:00,b'@eoghan @coinbase Thank you!'
1331822793835433985,2020-11-26 13:00:00,b'RT @coinbase: Our perspective on an upcoming story about Coinbase. https://t.co/4dGhfLAckh'
1331746226736304129,2020-11-26 08:00:00,"b'We sent a letter to the Treasury last week, along with a number of other crypto companies and investors, articulati\xe2\x80\xa6 https://t.co/p5cqFUoXxH'"
1331746101704024065,2020-11-26 08:00:00,"b'If this crypto regulation comes out, it would be a terrible legacy and have long standing negative impacts for the\xe2\x80\xa6 https://t.co/lWHcmtFoPf'"
1331745659989360640,2020-11-26 08:00:00,"b'Just like the U.S. benefited enormously by embracing the open internet, it should embrace the open crypto networks\xe2\x80\xa6 https://t.co/ujLYUZSJ9K'"
1331745587369111554,2020-11-26 08:00:00,b'This would be bad for America because it would force U.S. consumers to use foreign unregulated crypto companies to\xe2\x80\xa6 https://t.co/Kwc2vVwMwp'
1331745532268613632,2020-11-26 08:00:00,"b""Given these barriers, we're likely to see fewer transactions from crypto financial institutions to self-hosted wall\xe2\x80\xa6 https://t.co/SC4Pjz7jZQ"""
1331745476308201472,2020-11-26 08:00:00,b'This additional friction would kill many of the emerging use cases for crypto. Crypto is not just money - it is dig\xe2\x80\xa6 https://t.co/WG9GY55EmF'
1331745443399647233,2020-11-26 08:00:00,"b'Finally, many recipients (in the U.S. or abroad) who value their financial privacy, may simply not want to upload m\xe2\x80\xa6 https://t.co/VSVIUD5YsH'"
1331745403419516933,2020-11-26 08:00:00,b'Many crypto users are using their crypto with new types of applications online. Imagine if every time you wanted to\xe2\x80\xa6 https://t.co/SEY7IsBz2w'
1331745368397078528,2020-11-26 08:00:00,b'For example: https://t.co/Lfyw1XMhPz'
1331745357047291922,2020-11-26 08:00:00,"b'Many crypto users are also sending crypto to people in emerging markets, where it is difficult or impossible to col\xe2\x80\xa6 https://t.co/wE15FF4NiY'"
1331745273610080257,2020-11-26 08:00:00,"b'Many crypto users are sending crypto to various merchants online, paying for goods and services. Does it make sense\xe2\x80\xa6 https://t.co/mMDrvJpVmt'"
1331745238629507073,2020-11-26 08:00:00,b'Many crypto users are sending crypto to smart contracts to use Defi apps. A smart contract is not necessarily owned\xe2\x80\xa6 https://t.co/2D6apWgWpH'
1331745196887867393,2020-11-26 08:00:00,"b'This sounds like a reasonable idea on the surface, but it is a bad idea in practice because it is often impractical\xe2\x80\xa6 https://t.co/mx1FjyoHf0'"
1331745149693566976,2020-11-26 08:00:00,"b'This proposed regulation would, we think, require financial institutions like Coinbase to verify the recipient/owne\xe2\x80\xa6 https://t.co/awQQiQbmTy'"
1331745098711797760,2020-11-26 08:00:00,"b'The open nature of cryptocurrency is what makes it a powerful tool for innovation, and it is what levels the playin\xe2\x80\xa6 https://t.co/U2UYh6VMBU'"
1331744973700485120,2020-11-26 08:00:00,"b'Self-hosted crypto wallets are important, because they allow anyone to use this new technology to access basic fina\xe2\x80\xa6 https://t.co/yUEE4ONBAv'"
1331744925252083712,2020-11-26 08:00:00,"b""For those who don't know - self-hosted crypto wallets (also known as non-custodial wallets or self-custody wallets)\xe2\x80\xa6 https://t.co/Rv1VmawGKx"""
1331744884856741888,2020-11-26 08:00:00,b'Last week we heard rumors that the U.S. Treasury and Secretary Mnuchin were planning to rush out some new regulatio\xe2\x80\xa6 https://t.co/Gd5PqZwmUA'
1331469762925264897,2020-11-25 13:00:00,"b'RT @jerallaire: Breakthrough use-case for $USDC -- with US Govt permission, we partnered with the exiled govt of Venezuela (@jgauido) and A\xe2\x80\xa6'"
1331295297339760640,2020-11-25 02:00:00,"b""RT @balajis: Bitcoin is currently #27 on this ranking of the world's currencies by estimated market cap. Where will it be by the end of thi\xe2\x80\xa6"""
1331294549977677824,2020-11-25 02:00:00,"b'Congrats to the ethereum community on reaching the deposit contract threshold for ETH2, progress!\nhttps://t.co/IA77eIF8k3'"
1330349101460959244,2020-11-22 11:00:00,"b""RT @BrantlyMillegan: Just noticed the reg @coinbase app allows ETH&amp;ERC20 sends to @ensdomains .ETH names! Doesn't support it for other cryp\xe2\x80\xa6"""
1330347962728394754,2020-11-22 11:00:00,"b'- have fun along the way, and care less what other people think \xf0\x9f\x98\x81'"
1330347894847762432,2020-11-22 11:00:00,"b'- you can be the CEO of multiple companies, directing product strategy &amp; engineering, delegating the rest to great\xe2\x80\xa6 https://t.co/4z54PFu50A'"
1330347396262408194,2020-11-22 11:00:00,b'The main entrepreneurial lessons we can take from @elonmusk (in my view) are:\n- attempt more ambitious ideas (with\xe2\x80\xa6 https://t.co/7qAQ49oYgN'
1330225421728833537,2020-11-22 03:00:00,"b'I hosted a fireside chat @coinbase with @VitalikButerin on the future of Ethereum and crypto, plus an update on pro\xe2\x80\xa6 https://t.co/4ivLY5HpyF'"
1330016546278825984,2020-11-21 13:00:00,b'@js_horne Great point! We will discuss \xf0\x9f\x99\x8f'
1328874993548222465,2020-11-18 10:00:00,"b""We're working hard to add additional capacity (both in servers and customer support) to deal with increased traffic\xe2\x80\xa6 https://t.co/HpByazSbqD"""
1328873999376523265,2020-11-18 10:00:00,"b""Crypto has been through many cycles - remember to trade responsibly. It's never as good as it seems, it's never as\xe2\x80\xa6 https://t.co/JwLO5CQ707"""
1328872363191119879,2020-11-18 09:00:00,b'RT @cameron: Happy to share some thoughts:\n\n1) Gold is not a widely-used medium of exchange either. The vast majority of it sits in vaults\xe2\x80\xa6'
1328868677622575105,2020-11-18 09:00:00,b'@evan_van_ness Great point!'
1328867462193041408,2020-11-18 09:00:00,b'Reminder that @ResearchHub is doing a weekly give away of ResearchCoin to people who come contribute to the site -\xe2\x80\xa6 https://t.co/qvLTnGHHPU'
1327053803485491201,2020-11-13 09:00:00,b'It is also essential to help the U.S. stay relevant vs China. China is several years ahead of the U.S. on central b\xe2\x80\xa6 https://t.co/NR0zxMld9h'
1327053328694476801,2020-11-13 09:00:00,b'https://t.co/FKio1m4djq\nWell said. Crypto innovation is important to help at-risk communities and @BrianBrooksOCC i\xe2\x80\xa6 https://t.co/jZc3H9uwpj'
1326320112828379143,2020-11-11 08:00:00,b'ResearchHub is giving away 1M ResearchCoin per week to people helping to accelerate science and build a new communi\xe2\x80\xa6 https://t.co/SxqyoTZfRq'
1326319658178281473,2020-11-11 08:00:00,"b'RT @ResearchHub: \xf0\x9f\x94\x89Announcing the results from week 1 of the 1M $RSC giveaway\xf0\x9f\x94\x89\n\nSince last week, thousands of new users have signed up and c\xe2\x80\xa6'"
1325215447633915906,2020-11-08 07:00:00,"b'RT @karpathy: How to become expert at thing:\n1 iteratively take on concrete projects and accomplish them depth wise, learning \xe2\x80\x9con demand\xe2\x80\x9d (\xe2\x80\xa6'"
1324775659038666753,2020-11-07 02:00:00,b'This is great - now imagine if this worked in every country of the world (and cross border) using an open standard\xe2\x80\xa6 https://t.co/mHOJSBeucR'
1324490381799510018,2020-11-06 07:00:00,"b'We have some open roles for @CoinbaseWallet, which is our product for self custody and usage of crypto. Please send\xe2\x80\xa6 https://t.co/HMKAEMZIXh'"
1324439803811696640,2020-11-06 04:00:00,b'Great customer story! https://t.co/HMh9gXJjya'
1324095664351895552,2020-11-05 05:00:00,b'We have a number of open roles in Japan! https://t.co/dg2QGRG6EA\nWho do you know who we should get in touch with? (\xe2\x80\xa6 https://t.co/4Dla12KmVi'
1324045364840652801,2020-11-05 02:00:00,"b'RT @petejkim: Wow, $USDC growth on Matic is incredible. ~$6MM total supply, ~1.3k holders. Congrats @maticnetwork and @PolymarketHQ!'"
1323806439148720128,2020-11-04 10:00:00,b'RT @Lagarde: We\xe2\x80\x99ve started exploring the possibility of launching a digital euro. As Europeans are increasingly turning to digital in the w\xe2\x80\xa6'
1323109240286769153,2020-11-02 12:00:00,"b'The @brilliantorg app is really well done! Great example of making stem education fun. Great production value, and\xe2\x80\xa6 https://t.co/mYckdJXfWn'"
1322721040007524352,2020-11-01 10:00:00,b'https://t.co/0oCxgGtB39'
1322718061661622273,2020-11-01 10:00:00,"b'Off to a great start, almost one year in\nhttps://t.co/LSqK1Jd1yg'"
1322244860670222336,2020-10-31 02:00:00,"b'RT @jerallaire: $USDC crossed 2.9 Billion in circulation today, including 25 Million on @Solana in its first week (go @FTX_Official and @Pr\xe2\x80\xa6'"
1322244484248170496,2020-10-31 02:00:00,b'Welcome! https://t.co/cpNVAiItGK'
1322243898874359808,2020-10-31 01:00:00,b'https://t.co/KD1dzJ1UQn'
1321931363189059584,2020-10-30 05:00:00,"b'RT @ResearchHub: Starting today @ResearchHub is giving away 1M $RSC per week to users who share, curate, and discuss academic science \xf0\x9f\xa7\xac\xf0\x9f\x9a\x80\n\nC\xe2\x80\xa6'"
1321931211925716992,2020-10-30 05:00:00,b'This is great: now you can earn crypto by helping contribute to science. Great example of the new types of crypto s\xe2\x80\xa6 https://t.co/vMtpWzaVYP'
1321532150928191488,2020-10-29 02:00:00,"b""Excited to continue driving usage and acceptance of crypto. Let's grow the #cryptoeconomy! https://t.co/sXmZG9puBT"""
1319718322699579392,2020-10-24 02:00:00,b'https://t.co/6a15debZbg'
1319316957288513537,2020-10-23 00:00:00,"b""Most fair and balanced article I've seen on my mission focused blog post. Well written. https://t.co/b4j4SptEMV"""
1318624691561533440,2020-10-21 02:00:00,b'Agreed - making progress on hard problems in society takes concerted effort for many years. Jumping from one issue\xe2\x80\xa6 https://t.co/nlY4wujlTF'
1318594333449150464,2020-10-21 00:00:00,b'RT @EFF: Decisions about turning over financial data or shutting down accounts should not be made in the dark. We\xe2\x80\x99re encouraged to see @Coi\xe2\x80\xa6'
1318357948867866624,2020-10-20 08:00:00,b'Will be cool to see if more companies adopt a mission-focused approach https://t.co/DPQGAr7WGK'
1318343680508358658,2020-10-20 07:00:00,b'RT @ResearchHub: #preregistration is the practice of sharing an outline of a research study before it is conducted \n\nScientists preregister\xe2\x80\xa6'
1318025724977061888,2020-10-19 10:00:00,"b""RT @matthuang: 1/ We haven't shared much about what we're building at Paradigm.\n\nThis story from @alexrkonrad is a behind the scenes look:\xe2\x80\xa6"""
1317891587356045313,2020-10-19 01:00:00,b'Congrats @FEhrsam and @matthuang on building such an amazing firm with @paradigm \xf0\x9f\x91\x8c\nhttps://t.co/BseFvaGdfv'
1317685426518290432,2020-10-18 12:00:00,b'@meliarobin Thank you for the correction Melia.'
1317592337971736576,2020-10-18 05:00:00,b'@juliadewahl @SpaceX Awesome! Congrats :)'
1317592257692749824,2020-10-18 05:00:00,b'Some incredible photos in here https://t.co/o2xo66CWMO\nSomeone should sell high resolution prints of these'
1317156341215940608,2020-10-17 01:00:00,"b""There's clearly some good which comes from this in terms of stopping crime, but many people don't realize the tax i\xe2\x80\xa6 https://t.co/i2ofwGIieH"""
1317155891846606848,2020-10-17 01:00:00,"b""Hopefully this gives more transparency into the kind of data requests we get from government. We'll continue to pus\xe2\x80\xa6 https://t.co/fmklnn0cEF"""
1316833179660025856,2020-10-16 03:00:00,b'@patrickc Oculus!'
1316832523146547200,2020-10-16 03:00:00,"b'Excited to be supporting more Bitcoin protocol development. This is a great start, but hopefully we can expand this\xe2\x80\xa6 https://t.co/esz4JccgWD'"
1316831736236449792,2020-10-16 03:00:00,b'RT @zosegal: So excited for Coinbase to be supporting the #Bitcoin ecosystem with developer grants! https://t.co/QQh6WwgrLK'
1316428732979060737,2020-10-15 00:00:00,"b""RT @rgoldilox: Incredibly proud of @CommerceCB delivering the #1 requested feature to merchants. I couldn't imagine a better team to have b\xe2\x80\xa6"""
1316093818282754053,2020-10-14 02:00:00,b'RT @optimismPBC: Coinbase Wallet natively integrates Optimistic Ethereum: Announcing the first ecosystem push towards improving UX and secu\xe2\x80\xa6'
1316091563013931008,2020-10-14 02:00:00,"b'RT @sid_coelho: DeFi devs often tell us they wish onboarding for their new users was easier - well, it gets a lot easier with this Wallet r\xe2\x80\xa6'"
1316091267818778624,2020-10-14 02:00:00,b'https://t.co/V4yudm9d6g'
1315799615459921920,2020-10-13 07:00:00,b'You can now buy crypto right from within Coinbase Wallet (our self-custodial app). A great usability win for Defi a\xe2\x80\xa6 https://t.co/tAFfyTKaiM'
1315798152411193344,2020-10-13 07:00:00,b'We made it easier to accept crypto payments (and convert them to fiat) on Coinbase Commerce!\n\nCheck out\xe2\x80\xa6 https://t.co/PIbJbkjafV'
1314726171179769856,2020-10-10 08:00:00,"b'More crypto startups means we are getting closer to building the cryptoeconomy, even those that compete with Coinbase.'"
1314725829025255426,2020-10-10 08:00:00,"b""This doesn't make much sense. I would love nothing more than for there to be more crypto businesses, and I'm very p\xe2\x80\xa6 https://t.co/qYM6UDun48"""
1314678970898477056,2020-10-10 04:00:00,b'RT @micsolana: surreal to read a tech piece from a once-highly respected institution referencing five or ten prominent figures in silicon v\xe2\x80\xa6'
1314259451537362945,2020-10-09 01:00:00,"b'I posted a follow up to my ""mission focused"" blog post from last week.\n\nhttps://t.co/sgTu1MJDqT https://t.co/Nn0eX2sUve'"
1313884460291559431,2020-10-08 00:00:00,b'RT @coinbase: Start earning Maker (MKR) on Coinbase. Maker is a DeFi protocol that lets anyone borrow funds by supplying collateral. Learn\xe2\x80\xa6'
1313877906125287424,2020-10-07 23:00:00,"b'RT @vijaypande: Congratulations to Jennifer Doudna @doudna_lab and Emmanuelle Charpentier for their 2020 Nobel Prize in Chemistry ""for the\xe2\x80\xa6'"
1311748584392413184,2020-10-02 02:00:00,"b'RT @DavidSacks: As I explained in Your Startup Is a Movement, startups can be a more effective change agent than political movements. It\xe2\x80\x99s\xe2\x80\xa6'"
1311727739087384576,2020-10-02 01:00:00,"b'@jack Totally agree. We are political about one thing: our mission. (This includes Bitcoin, crypto, economic freedom, etc).'"
1310770522989322240,2020-09-29 10:00:00,"b'RT @kenchangh: MY CRYPTO STORY\n\nLast year, on this date, I flew out to San Francisco to interview with @coinbase. It was my first time in C\xe2\x80\xa6'"
1310636246553645061,2020-09-29 01:00:00,"b""RT @paulg: Yet again, @brian_armstrong leads the way. I predict most successful companies will follow Coinbase's lead. If only because thos\xe2\x80\xa6"""
1310301482101563392,2020-09-28 03:00:00,b'https://t.co/FudJSuaumB'
1310033919778062337,2020-09-27 09:00:00,b'RT @BrianBrooksOCC: Hats off to @SEC_News \xe2\x80\x94 today the Securities and Exchange Commission issued a no-action letter authorizing crypto secur\xe2\x80\xa6'
1310014998484152320,2020-09-27 08:00:00,"b'RT @max_hodak: These appear to be real people, with real advanced degrees, at real universities... I feel like I am fundamentally missing w\xe2\x80\xa6'"
1310014979446198272,2020-09-27 08:00:00,b'@max_hodak Gpt-3 experiment someone is running?'
1310013966983204864,2020-09-27 08:00:00,"b'RT @bscholl: How long does it take to build a supersonic jet? Six years, apparently. @boomaero turns 6 today. \n\nXB-1 is sitting in the hang\xe2\x80\xa6'"
1307815270241640448,2020-09-21 06:00:00,"b'RT @drose_999: May 18, 2012 - there was a crisp blue sky at FB\xe2\x80\x99s campus as we rang the opening bell. Emotions ran high as we took a brief m\xe2\x80\xa6'"
1307810069497614337,2020-09-21 06:00:00,b'@ASvanevik What if you buy Bitcoin on Coinbase and then transfer it to Coinbase Wallet (self custody)'
1307205918191357954,2020-09-19 14:00:00,b'RT @elonmusk: Speedrunning Factorio in real life \xe2\x80\xa6'
1307205644458418176,2020-09-19 14:00:00,"b'RT @petejkim: My side-project \xe2\x80\x93 the USDC #Layer2 Tech Demo, is here. Try it out!\n\n\xe2\x9c\x85 Free Gasless Transactions\n\xe2\x9c\x85 Super-fast Confirmations\n\xe2\x9c\x85\xe2\x80\xa6'"
1307205538740989952,2020-09-19 14:00:00,"b'RT @zachperret: I support the Substack revolution. So much high-quality content being produced, distributed, and supported. \n\nThe only loss\xe2\x80\xa6'"
1307205361883963392,2020-09-19 14:00:00,"b""@joebot I learned so much watching you run those early product reviews! Can't wait to see what you try next. Congrats"""
1306808074586394625,2020-09-18 11:00:00,b'RT @coinbase: Uniswap (UNI) is launching at https://t.co/bCG11KMQ6s and in the iOS and Android apps within the next 15 minutes. You may nee\xe2\x80\xa6'
1306678493221064704,2020-09-18 03:00:00,b'RT @CoinbasePro: Trading on our UNI-USD order book is about to begin. The order books will now enter post-only mode. Customers can post lim\xe2\x80\xa6'
1306675002339520514,2020-09-18 02:00:00,b'On performance culture\nhttps://t.co/r8M8uRFqWj'
1306662698604658688,2020-09-18 02:00:00,b'https://t.co/VuwDKZFP2p'
1306400504012963841,2020-09-17 08:00:00,b'Nice!! https://t.co/h4p2CnHbF0'
